Major Heading;MET Value;"Activity Description		"
Bicycling;14;"Bicycling, mountain, uphill, vigorous		"
Bicycling;16;"Bicycling, mountain, competitive racing		"
Bicycling;8,5;"Bicycling, BMX		"
Bicycling;8,5;"Bicycling, mountain, general		"
Bicycling;4;"Bicycling, <10 mph, leisure, to work or for pleasure (Taylor Code 115)		"
Bicycling;6,8;"Bicycling, to/from work, self selected pace		"
Bicycling;5,8;"Bicycling, on dirt or farm road, moderate pace		"
Bicycling;7;"Bicycling, general		"
Bicycling;4,3;"Bicycling, self-selected easy pace		"
Bicycling;7;"Bicycling, self-selected moderate pace		"
Bicycling;9;"Bicycling, self-selected vigorous pace		"
Bicycling;3,5;"Bicycling, leisure 5,5 mph		"
Bicycling;5,8;"Bicycling, leisure, 9,4 mph		"
Bicycling;6,8;"Bicycling, 10-11,9 mph, leisure, slow, light effort		"
Bicycling;8;"Bicycling, 12-13,9 mph, leisure, moderate effort		"
Bicycling;10;"Bicycling, 14-15,9 mph, racing or leisure, fast, vigorous effort		"
Bicycling;12;"Bicycling, 16-19 mph, racing/not drafting or >19 mph drafting, very fast, racing general		"
Bicycling;16,8;"Bicycling, >20 mph, racing, not drafting		"
Bicycling;8,5;"Bicycling, 12 mph, seated, hands on brake hoods or bar drops, 80 rpm		"
Bicycling;9;"Bicycling, 12 mph, standing, hands on brake hoods, 60 rpm		"
Bicycling;5;"Unicycling		"
Bicycling;6,8;"E-bike (electrically assisted) without electronic support		"
Bicycling;6;"E-bike (electrically assisted) with light electronic support		"
Bicycling;4;"E-bike (electrically assisted) with high electronic support		"
Bicycling;6,8;"Bicycling, stationary, general		"
Bicycling;3,5;"Bicycling, stationary, 25-30 watts, very light to light effort		"
Bicycling;4;"Bicycling, stationary, 50 watts, light effort		"
Bicycling;5;"Bicycling, stationary, 60 watts, light to moderate effort		"
Bicycling;5,8;"Bicycling, stationary, 70-80 watts		"
Bicycling;6;"Bicycling, stationary, 90-100 watts, moderate to vigorous		"
Bicycling;6,8;"Bicycling, stationary, 101-125 watts		"
Bicycling;8;"Bicycling, stationary, 126-150 watts		"
Bicycling;10,3;"Bicycling, stationary, 151-199 watts		"
Bicycling;10,8;"Bicycling, stationary, 200-229 watts, vigorous		"
Bicycling;12,5;"Bicycling, stationary, 230-250 watts, very vigorous		"
Bicycling;13,8;"Bicycling, stationary, 270-305 watts, very vigorous		"
Bicycling;16,3;"Bicycling, stationary, >325 watts, very vigorous		"
Bicycling;5,5;"Bicycling, concentric only, 100 W		"
Bicycling;11;"Bicycling, concentric only, 200 W		"
Bicycling;2,3;"Bicycling, eccentric only, 100 to 149 W		"
Bicycling;4;"Bicycling, eccentric only, 200 W		"
Bicycling;9;"Bicycling, stationary, RPM/Spin bike class		"
Bicycling;8,8;"Bicycling, interactive virtual cycling, indoor cycle ergometer		"
Bicycling;8,8;"Bicycling, high intensity interval training		"
Conditioning Exercise;7,3;"Aerobic, general		"
Conditioning Exercise;5,5;"Aerobic, step, with 4-inch step		"
Conditioning Exercise;7,3;"Aerobic, step, with 6 – 8 inch step		"
Conditioning Exercise;9;"Aerobic, step, with 10 – 12 inch step		"
Conditioning Exercise;7,8;"Bench step class, general		"
Conditioning Exercise;4,8;"Aerobic dance, low impact, moderate effort		"
Conditioning Exercise;8;"Aerobic dance, high impact, vigorous effort		"
Conditioning Exercise;10;"Aerobic dance wearing 10-15 lb weights		"
Conditioning Exercise;5;"Army type obstacle course exercise, boot camp training program		"
Conditioning Exercise;7,5;"Calisthenics (e,g,, pushups, sit ups, pull-ups, jumping jacks, burpees, battling ropes), vigorous effort		"
Conditioning Exercise;3,8;"Calisthenics (e,g,, pushups, sit ups, pull-ups, lunges), moderate effort		"
Conditioning Exercise;2,8;"Calisthenics (e,g,, curl ups, abdominal crunches, plank), light effort		"
Conditioning Exercise;3,5;"Calisthenics, light or moderate effort, general (e,g,, back exercises), going up & down from floor (Taylor Code 150)		"
Conditioning Exercise;6;"Circuit training, body weight exercises		"
Conditioning Exercise;3,5;"Circuit training, light effort		"
Conditioning Exercise;5;"Circuit training, moderate effort		"
Conditioning Exercise;7,5;"Circuit training, including kettlebells, some aerobic movement with minimal rest, general, vigorous intensity		"
Conditioning Exercise;3,5;"Curves™ exercise routines in women		"
Conditioning Exercise;5;"Elliptical trainer, moderate effort		"
Conditioning Exercise;9;"Elliptical trainer, vigorous effort		"
Conditioning Exercise;5;"Resistance (weight) training, squats, deadlift, slow or explosive effort		"
Conditioning Exercise;3,5;"Resistance (weight) training, multiple exercises, 8-15 reps at varied resistance		"
Conditioning Exercise;5,8;"Resistance Training, circuit, reciprocol supersets, peripheral hear action training		"
Conditioning Exercise;3;"Body weight resistance exercises (e,g,, squat, lunge, push-up, crunch), general		"
Conditioning Exercise;6,5;"Body weight resistance exercises (e,g,, squat, lunge, push-up, crunch), high intensity		"
Conditioning Exercise;9,8;"Kettle bell swings		"
Conditioning Exercise;5,5;"Health club exercise, general (Taylor Code 160)		"
Conditioning Exercise;5;"Health club exercise classes general, gym/weight training combined in one visit		"
Conditioning Exercise;7,8;"Health club exercise, conditioning classes		"
Conditioning Exercise;3,8;"Home exercise, general		"
Conditioning Exercise;9,3;"Stair treadmill ergometer, general		"
Conditioning Exercise;11;"Rope skipping exercise, general		"
Conditioning Exercise;9;"Jumping rope, Digi-Jump Maching, 120 jumps/minute		"
Conditioning Exercise;7,3;"Rowing, stationary ergometer, general, vigorous effort		"
Conditioning Exercise;5;"Rowing, stationary ergometer, general, <100 watts, moderate effort		"
Conditioning Exercise;7,5;"Rowing, stationary, 100 to 149 watts, vigorous effort		"
Conditioning Exercise;11;"Rowing, stationary, 150 to 199 watts, vigorous effort		"
Conditioning Exercise;14;"Rowing, stationary, ≥ 200 watts, very vigorous effort		"
Conditioning Exercise;11;"Shuttle running, forward/backward/lateral		"
Conditioning Exercise;6,8;"Ski machine, general		"
Conditioning Exercise;10,5;"Ski ergometer, cross country, double poling, slow to moderate speed		"
Conditioning Exercise;18;"Ski ergometer, cross country, double poling, fast to maximum speed		"
Conditioning Exercise;10,5;"Slide board exercise, general		"
Conditioning Exercise;6;"Slimnastics, jazzercise		"
Conditioning Exercise;2,3;"Stretching, mild		"
Conditioning Exercise;1,8;"Pilates, traditional, mat		"
Conditioning Exercise;2,8;"Pilates, general		"
Conditioning Exercise;8,5;"Pound, combination of Pilates and body movements with drumming		"
Conditioning Exercise;4,5;"Pole dancing, exercise class		"
Conditioning Exercise;6,8;"Teaching exercise classes (e,g,, aerobic, water)		"
Conditioning Exercise;2,8;"Therapeutic exercise ball, Fitball exercise		"
Conditioning Exercise;9,5;"Therapeutic exercise ball, Fitball exercise, high intensity		"
Conditioning Exercise;2,8;"Upper body exercise, arm ergometer, general, light		"
Conditioning Exercise;2;"Arm Ergometer, hand bike, 15W		"
Conditioning Exercise;2,8;"Arm Ergometer, hand bike, 25-30W		"
Conditioning Exercise;3,5;"Arm Ergometer, hand bike, 45W		"
Conditioning Exercise;4,3;"Upper body exercise, stationary bicycle - Airdyne (arms only) 40 rpm, moderate intensity		"
Conditioning Exercise;5,3;"Water aerobics, water calisthenics, water exercise		"
Conditioning Exercise;1,3;"Whirlpool, sitting		"
Conditioning Exercise;2,5;"Video, exercise workouts, TV conditioning programs (e,g,, yoga, stretching, seated), light effort		"
Conditioning Exercise;4;"Video, exercise workouts, TV conditioning programs (e,g,, cardio-resistance training), moderate		"
Conditioning Exercise;6;"Video, exercise workouts, TV conditioning programs (e,g,, cardio-resistance training), vigorous		"
Conditioning Exercise;2,3;"Yoga, Hatha		"
Conditioning Exercise;8;"Yoga, Hatha, high intensity		"
Conditioning Exercise;3;"Yoga, Hot		"
Conditioning Exercise;4;"Yoga, Power		"
Conditioning Exercise;2;"Yoga, Nadisodhana		"
Conditioning Exercise;2,3;"Yoga, General		"
Conditioning Exercise;3,5;"Yoga, Surya Namaskar		"
Conditioning Exercise;2,7;"Yoga, Vinyasa		"
Conditioning Exercise;5,3;"Native New Zealander PA, (e,g,, Haka Powhiri, Poi, Moteatea, etc,), general moderate effort		"
Conditioning Exercise;6,8;"Native New Zealander PA, general, vigorous effort		"
Conditioning Exercise;7;"High intensity interval exercise, moderate effort		"
Conditioning Exercise;11;"High intensity interval exercise, burpees, mountain climbers, squat jumps, Tabata, vigorous effort		"
Conditioning Exercise;2,3;"Balance Exercise Assist Robot (BEAR), simulated skiing, tennis, rodeo		"
Conditioning Exercise;5,8;"Hooping (formerly known as hula® hooping)		"
Conditioning Exercise;9;"Impulse Training System, Inertial Exercise Trainer		"
Conditioning Exercise;7,9;"Virtual Reality Fitness, Supernatural™ “Flow”, “Boxing"" vigorous intensity		"
Conditioning Exercise;9,3;"ExerCube, workout series		"
Conditioning Exercise;13;"Blackbox Immersive virtual reality exergaming system, vigorous intensity		"
Conditioning Exercise;3;"Wand exercise, Life-Build-Line		"
Conditioning Exercise;6,5;"Zumba, group class		"
Conditioning Exercise;5,5;"Zumba, home video		"
Conditioning Exercise;2,8;"Sit to stand exercise, 6-12 times/min		"
Conditioning Exercise;4;"Sit to stand exercise, 18-24 times/min		"
Dancing;6;"Afro-Cuban salsa (Cuban cha-cha-cha, mambo, Afro rumba, contratiempo son steps, orisha/santo movements)		"
Dancing;5;"Ballet, modern, or jazz general, rehearsal or class		"
Dancing;6,3;"Ballet exercises (plie, tendus, jetes, rond de Jambes, fondus, grand battement, grand adage, sautes, temp Leve's)		"
Dancing;6,8;"Ballet, modern, or jazz, performance, vigorous effort		"
Dancing;4,8;"Tap		"
Dancing;4,5;"Ethnic or cultural dancing (e,g, Greek, Middle Eastern, hula, salsa, merengue, bamba y plena, flamenco, belly, and swing)		"
Dancing;5,5;"Chinese square dance, Ballet & Tibetan dance		"
Dancing;7,3;"Chinese square dance, aerobic dance		"
Dancing;5,5;"Ballroom dancing, fast (Taylor Code 125)		"
Dancing;9,8;"Nightclub or folk dancing, vigorous effort (e,g,, nightclub, disco, folk, line dancing, Irish step dancing, polka, contra)		"
Dancing;5;"Folk dancing, moderate effort		"
Dancing;11,3;"Ballroom dancing, competitive, general		"
Dancing;3;"Ballroom, slow, examples: waltz, foxtrot, slow dancing, samba tango, rumba, 19th century dance, mambo, cha cha		"
Dancing;6;"Ballroom Dance, Recreational (Waltz, Foxtrot, Cha-cha, Swing)		"
Dancing;5,5;"Anishinaabe Jingle dancing, brisk pace, other traditional American Indian dancing performed by women, moderate effort		"
Dancing;3,8;"Contemporary dancing, general		"
Dancing;4,3;"Contemporary dancing, nightclub		"
Dancing;8,5;"Flamenco dance		"
Dancing;4,5;"Jazz dancing, general		"
Dancing;10,3;"Musical Theater, Singing/dancing		"
Dancing;5,8;"Polynesian dance, Hawaiian hula slow, Maori haka, Tongan		"
Dancing;7;"Polynesian dance, Hawaiian hula fast, Samoan sasa, Fijian style fast, Filipino Tinikling		"
Dancing;8,8;"Polynesian dance, Samoan slap, Tahitian		"
Dancing;4,8;"Salsa Dancing, with partner		"
Dancing;6,3;"Salsa dancing, to a video		"
Dancing;5,5;"Square Dancing, American Western, country		"
Fishing & Hunting;3,5;"Fishing, general		"
Fishing & Hunting;4,5;"Fishing, crab fishing		"
Fishing & Hunting;4;"Fishing, catching fish with hands		"
Fishing & Hunting;4,3;"Fishing related, digging worms, with shovel		"
Fishing & Hunting;4;"Fishing from river bank and walking		"
Fishing & Hunting;2;"Fishing from boat or canoe, sitting		"
Fishing & Hunting;3,5;"Fishing from river bank, standing (Taylor Code 660)		"
Fishing & Hunting;6;"Fishing in stream, in waders (Taylor Code 670)		"
Fishing & Hunting;2;"Fishing, ice, sitting		"
Fishing & Hunting;1,8;"Fishing, jig or line, standing, general		"
Fishing & Hunting;3,5;"Fishing, dip net, setting net and retrieving fish, general		"
Fishing & Hunting;3,8;"Fishing, set net, setting net and retrieving fish, general		"
Fishing & Hunting;3;"Fishing, fishing wheel, setting net and retrieving fish, general		"
Fishing & Hunting;2,3;"Fishing with a spear, standing		"
Fishing & Hunting;2,5;"Hunting, bow and arrow or crossbow		"
Fishing & Hunting;6;"Hunting, deer, elk, large game (Taylor Code 170)		"
Fishing & Hunting;9,8;"Hunting large game, dragging carcass		"
Fishing & Hunting;4;"Hunting large marine animals		"
Fishing & Hunting;2,5;"Hunting, large game from a hunting stand, limited walking		"
Fishing & Hunting;2;"Hunting large game from a car, plane, or boat		"
Fishing & Hunting;2,5;"Hunting, duck, wading		"
Fishing & Hunting;3;"Hunting flying fox, squirrel		"
Fishing & Hunting;5;"Hunting, general		"
Fishing & Hunting;6;"Hunting, pheasants or grouse (Taylor Code 680)		"
Fishing & Hunting;3,3;"Hunting birds		"
Fishing & Hunting;5;"Hunting, rabbit, squirrel, prairie chick, raccoon, small game (Taylor Code 690)		"
Fishing & Hunting;3,3;"Hunting pigs, wild		"
Fishing & Hunting;2;"Trapping game, general		"
Fishing & Hunting;9,5;"Hunting - hiking with hunting gear		"
Fishing & Hunting;2,5;"Pistol shooting or trap shooting, standing		"
Fishing & Hunting;2,3;"Rifle exercises, shooting, lying down		"
Fishing & Hunting;2,5;"Rifle exercises, shooting, kneeling or standing		"
Fishing & Hunting;2,8;"Foraging, 0-9,9kg backpack		"
Fishing & Hunting;3;"Foraging, 10-15kg backpack		"
Fishing & Hunting;1;"Sitting in boat, passenger		"
Fishing & Hunting;1,5;"Standing in boat		"
Fishing & Hunting;3,3;"Activities in a boat, lifting, lowering		"
Home Activities;3,3;"Cleaning, sweeping carpet or floors, general		"
Home Activities;2,3;"Cleaning, sweeping, slow, light effort		"
Home Activities;3,8;"Cleaning, sweeping, fast, moderate effort		"
Home Activities;3,5;"Cleaning heavy or major (e,g,, wash car, clean garage), moderate effort		"
Home Activities;3,5;"Cleaning, mopping, standing, moderate effort		"
Home Activities;3,3;"Cleaning windows, washing windows, general		"
Home Activities;2,5;"Mopping, standing, light effort		"
Home Activities;4,5;"Polishing floors, standing, walking slowly, using electric polishing machine		"
Home Activities;2,8;"Multiple household tasks all at once, light effort		"
Home Activities;3,3;"Multiple household tasks all at once, moderate effort		"
Home Activities;4,3;"Multiple household tasks all at once, vigorous effort		"
Home Activities;3,3;"Cleaning, house or cabin, general, moderate effort		"
Home Activities;2,5;"Dusting or polishing furniture, general		"
Home Activities;3,3;"Kitchen activity, general, (e,g,, cooking, washing dishes, cleaning up) moderate effort		"
Home Activities;2,5;"Cleaning, general (straightening up, changing linen, carrying out trash), light effort		"
Home Activities;2;"Wash dishes, standing or in general (not broken into stand/walk components)		"
Home Activities;2;"Wash dishes, clearing dishes from table, walking, light effort		"
Home Activities;3;"Vacuuming, general, moderate effort		"
Home Activities;3;"Butchering animals, small		"
Home Activities;6;"Butchering animals, large, vigorous effort		"
Home Activities;2,3;"Cutting and smoking fish, drying fish or meat		"
Home Activities;4;"Tanning hides, general		"
Home Activities;3,5;"Cooking or food preparation, moderate effort		"
Home Activities;2,3;"Cooking or food preparation, walking		"
Home Activities;2,3;"Serving food, setting/cleaning table, implied walking or standing		"
Home Activities;2,5;"Feeding household animals		"
Home Activities;3,5;"carrying groceries, on level ground, walking		"
Home Activities;2,5;"Putting away groceries (e,g, carrying groceries, carrying packages)		"
Home Activities;5,3;"Carrying groceries upstairs		"
Home Activities;3;"Cooking Indian bread or other food on an outside stove		"
Home Activities;3,3;"Food shopping with or without a grocery cart	 carrying a 10 lb bag	 standing or walking"
Home Activities;2,3;"Non-food shopping, with or without cart, standing or walking		"
Home Activities;1,8;"Ironing		"
Home Activities;1,3;"Knitting, sewing, light effort, wrapping presents, sitting		"
Home Activities;2,8;"Sewing with a machine		"
Home Activities;2;"Laundry, fold or hang clothes, sitting		"
Home Activities;4;"Laundry, moderate effort		"
Home Activities;2;"Laundry, putting away clothes, gathering clothes to pack, putting away laundry, implied walking		"
Home Activities;3;"Making bed, changing linens		"
Home Activities;5;"Maple syruping/sugar bushing (including carrying buckets, carrying wood)		"
Home Activities;5,8;"Moving furniture, household items, carrying boxes		"
Home Activities;5;"Moving, lifting light loads		"
Home Activities;4,8;"Organizing a room		"
Home Activities;3,5;"Scrubbing floors, on hands and knees, scrubbing bathroom, bathtub, moderate effort		"
Home Activities;2;"Scrubbing floors, on hands and knees, scrubbing bathroom, bathtub, light effort		"
Home Activities;6,5;"Scrubbing floors, on hands and knees, scrubbing bathroom, bathtub, vigorous effort		"
Home Activities;3;"Sweeping garage, sidewalk, or outside house		"
Home Activities;3;"Implied walking, putting away household items, moderate effort		"
Home Activities;2;"Watering plants		"
Home Activities;2,5;"Building a fire inside		"
Home Activities;9;"Moving household items upstairs, carrying boxes or furniture		"
Home Activities;2;"Standing, light effort tasks (pump gas, change light bulb, etc,)		"
Home Activities;3,5;"Walking, moderate effort tasks, non-cleaning (readying to leave, shut/lock doors, close windows, etc,		"
Home Activities;2,3;"Sitting, playing with child(ren), light effort, only active periods		"
Home Activities;2,8;"Standing, playing with child(ren), light effort, only active periods		"
Home Activities;3,5;"Walking/running, playing with child(ren), moderate effort, only active periods		"
Home Activities;5,8;"Walking/running, playing with child(ren), vigorous effort, only active periods		"
Home Activities;3;"Walking and carrying small child, child weighing 15 lbs or more		"
Home Activities;2,5;"Walking and carrying small child, child weighing less than 15 lbs		"
Home Activities;2;"Standing, holding child		"
Home Activities;2,5;"Child care, infant, general		"
Home Activities;2;"Child care: sitting or kneeling, dressing, bathing, grooming, feeding, occasional lifting of child-light effort, general		"
Home Activities;3,5;"Child care: standing, dressing, bathing, grooming, feeding, occasional lifting of child- light effort		"
Home Activities;1,5;"Reclining with baby		"
Home Activities;2;"Breastfeeding, sitting or reclining		"
Home Activities;2,5;"Sit, playing with animals, light, only active period		"
Home Activities;2,8;"Stand, playing with animals, light effort, only active periods		"
Home Activities;2,8;"Walk or run, playing with animals, general, light effort, only active periods		"
Home Activities;4;"Walk/run, playing with animals, moderate effort, only active periods		"
Home Activities;5;"Walk/run, playing with animals, vigorous effort, only active periods		"
Home Activities;3,5;"Standing, bathing dog		"
Home Activities;2,3;"Animal care, household animals, general		"
Home Activities;3;"Elder care, disabled adult, bathing, dressing, moving into and out of bed, only active periods		"
Home Activities;1,8;"Elder care, disabled adult, feeding, combing hair, light effort, only active periods		"
Home Activities;1,3;"Handwashing		"
Home Repair;3;"Airplane repair		"
Home Repair;4;"Automobile body work		"
Home Repair;3,3;"Automobile repair, light or moderate effort		"
Home Repair;3;"Carpentry, general, workshop (Taylor Code 620)		"
Home Repair;6;"Carpentry, outside house, (Taylor Code 640)		"
Home Repair;3,8;"Carpentry, outside house, building a fence		"
Home Repair;3,3;"Carpentry, finishing, varnishing, or refinishing cabinets or furniture		"
Home Repair;6;"Carpentry, sawing hardwood, planing and drilling wood, moderate-to-vigorous effort		"
Home Repair;4;"Carpentry, home remodeling tasks, moderate effort		"
Home Repair;2,3;"Carpentry, home remodeling tasks, light effort		"
Home Repair;5;"Caulking, chinking log cabin		"
Home Repair;4,5;"Caulking, except log cabin		"
Home Repair;5;"Cleaning gutters		"
Home Repair;5;"Excavating garage		"
Home Repair;5;"Hanging storm windows		"
Home Repair;5;"Hanging sheet rock inside house		"
Home Repair;3;"Hammering nails		"
Home Repair;2,5;"Home repair, general, light effort		"
Home Repair;4,5;"Home repair, general, moderate effort		"
Home Repair;6;"Home repair, general, vigorous effort		"
Home Repair;4,5;"Laying or removing carpet		"
Home Repair;3,8;"Laying tile or linoleum		"
Home Repair;3;"Repairing appliances		"
Home Repair;5;"Painting, outside home (Taylor Code 650)		"
Home Repair;3,3;"Painting inside house, wallpapering, scraping paint		"
Home Repair;4,5;"Painting (Taylor Code 630)		"
Home Repair;3;"Plumbing, general		"
Home Repair;3;"Put on and removal of tarp – sailboat		"
Home Repair;6;"Roofing		"
Home Repair;4,5;"Sanding floors with a power sander		"
Home Repair;4,5;"Scraping and painting sailboat or powerboat		"
Home Repair;2;"Sharpening tools		"
Home Repair;5;"Spreading dirt with a shovel		"
Home Repair;4,5;"Washing and waxing hull of sailboat or airplane		"
Home Repair;2;"Washing and waxing car		"
Home Repair;4,5;"Washing fence, painting fence, moderate effort		"
Home Repair;3,3;"Wiring, tapping-splicing		"
Inactivity;1;"Lying quietly and watching television		"
Inactivity;1;"Lying quietly, doing nothing, lying in bed awake, listening to music (not talking or reading)		"
Inactivity;1;"Sit, watch television		"
Inactivity;1;"Sitting quietly, general		"
Inactivity;1,5;"Sitting quietly, fidgeting, general, fidgeting hands		"
Inactivity;1,8;"Sitting, fidget feet		"
Inactivity;1,3;"Sitting smoking		"
Inactivity;1,5;"Sitting, listening to music (not talking or reading) or watching a movie in a theater		"
Inactivity;1,3;"Sitting at a desk, resting head in hands		"
Inactivity;1;"Sleeping		"
Inactivity;1,3;"Standing quietly (standing in a line)		"
Inactivity;1,5;"Standing (fidgeting)		"
Inactivity;1,3;"Standing watching television		"
Inactivity;1,5;"Reclining, writing		"
Inactivity;1,3;"Reclining, talking or talking on phone		"
Inactivity;1,3;"Reclining, reading		"
Inactivity;1;"Meditating		"
Lawn & Garden;4,1;"Carrying, loading or stacking wood, loading/unloading or carrying lumber, light-to- moderate effort		"
Lawn & Garden;5,5;"Carrying, loading or stacking wood, loading/unloading or carrying lumber, moderate effort		"
Lawn & Garden;4,5;"Chopping wood, splitting logs, moderate effort		"
Lawn & Garden;6,5;"Chopping wood, splitting logs, vigorous effort		"
Lawn & Garden;3,5;"Clearing light brush, thinning garden, moderate effort		"
Lawn & Garden;6,3;"Clearing land, haul brush, undergrowth, or ground, vigorous effort		"
Lawn & Garden;5;"Digging sandbox, shoveling sand		"
Lawn & Garden;3,5;"Digging, spading, filling garden, composting, light-to-moderate effort		"
Lawn & Garden;5;"Digging, spading, filling garden, composting (Taylor Code 590)		"
Lawn & Garden;7,3;"Digging, spading, filling garden, composting, vigorous effort		"
Lawn & Garden;2,8;"Driving tractor		"
Lawn & Garden;8,3;"Felling trees, large size		"
Lawn & Garden;5,3;"Felling trees, small-medium size		"
Lawn & Garden;5,8;"Gardening with heavy power tools, using chain saw, tilling a garden		"
Lawn & Garden;2;"gardening, general		"
Lawn & Garden;4;"Irrigation channels, opening and closing ports		"
Lawn & Garden;6,3;"Laying crushed rock or gravel		"
Lawn & Garden;5;"Laying sod		"
Lawn & Garden;5,5;"Mowing lawn, general, walking, moderate effort		"
Lawn & Garden;2,5;"Mowing lawn, riding mower (Taylor Code 550)		"
Lawn & Garden;6;"Mowing lawn, hand mower, vigorous effort (Taylor Code 570)		"
Lawn & Garden;5;"Mowing lawn, walk, power mower, moderate or vigorous effort		"
Lawn & Garden;4,5;"Mowing lawn, power mower, light or moderate effort (Taylor Code 590)		"
Lawn & Garden;2,5;"Operating snow blower, walking		"
Lawn & Garden;2,6;"Planting, potting, transplanting seedlings or plants, light effort		"
Lawn & Garden;4,3;"Planting seedlings, shrubs, stooping, moderate effort		"
Lawn & Garden;4,3;"Planting crops or garden, stooping, moderate effort		"
Lawn & Garden;4,5;"Planting trees		"
Lawn & Garden;4;"Raking lawn or leaves, moderate effort		"
Lawn & Garden;4;"Raking lawn (Taylor Code 600)		"
Lawn & Garden;4;"Raking roof with snow rake		"
Lawn & Garden;3;"Riding snow blower		"
Lawn & Garden;4;"Sacking grass, leaves		"
Lawn & Garden;5,5;"Shoveling dirt or mud		"
Lawn & Garden;5,3;"Shoveling snow, by hand, moderate effort		"
Lawn & Garden;6;"Shoveling snow, by hand (Taylor Code 610)		"
Lawn & Garden;7,5;"Shoveling snow, by hand, vigorous effort		"
Lawn & Garden;3,8;"Trimming shrubs or trees, manual cutter		"
Lawn & Garden;3,3;"Trimming shrubs or trees, power cutter, using leaf blower, edger, moderate effort		"
Lawn & Garden;3;"Walking, applying fertilizer or seeding a lawn, push applicator		"
Lawn & Garden;4;"Watering lawn or garden, standing or walking		"
Lawn & Garden;3,8;"Weeding, cultivating garden, light-to-moderate effort		"
Lawn & Garden;4,5;"Weeding, cultivating garden, moderate effort (Taylor Code 580)		"
Lawn & Garden;5;"Weeding, cultivating garden, using hoe moderate-to-vigorous effort		"
Lawn & Garden;3,8;"Gardening, general, moderate effort		"
Lawn & Garden;3,5;"Picking fruit or coffee from trees, moderate effort		"
Lawn & Garden;4,5;"Harvesting Produce, Picking fruit off trees, gleaning fruits, picking fruits/vegetables, climbing ladder to pick fruit, vigorous effort		"
Lawn & Garden;3;"Implied walking/standing - picking up yard, light, picking flowers or vegetables		"
Lawn & Garden;3;"Walking, gathering gardening tools		"
Lawn & Garden;4,8;"Wheel barrow, pushing garden cart or wheelbarrow, general		"
Lawn & Garden;6;"Wheel barrow, pushing large garden cart or heavy wheelbarrow up to 150kg		"
Lawn & Garden;2,3;"Yardwork, general, light effort		"
Lawn & Garden;4;"Yardwork, general, moderate effort		"
Lawn & Garden;6;"Yardwork, general, vigorous effort		"
Miscellaneous;1,3;"Board game playing, sitting		"
Miscellaneous;2,5;"Casino gambling, standing		"
Miscellaneous;1,5;"Card playing, sitting		"
Miscellaneous;1,5;"Chess game, sitting		"
Miscellaneous;1,5;"Copying or filing documents, standing		"
Miscellaneous;1,8;"Drawing, writing, painting, standing		"
Miscellaneous;1;"Laughter, sitting		"
Miscellaneous;1;"Sitting: reading, book, newspaper, magazine		"
Miscellaneous;1,8;"sitting, typing or reading on a balance chair/stability ball		"
Miscellaneous;2;"watching tv, stepping during commercial breaks		"
Miscellaneous;1,3;"Sitting: writing, desk work, typing		"
Miscellaneous;1,3;"Standing: talking in person, on the phone, computer, text messaging, writing		"
Miscellaneous;1,3;"Sitting: talking in person, on the phone, computer, or text messaging, light effort		"
Miscellaneous;1,5;"Sitting - studying, general, including reading and/or writing, light effort		"
Miscellaneous;1,8;"Sitting - in class, general, including note-taking or class discussion		"
Miscellaneous;1;"Standing - reading		"
Miscellaneous;2,5;"Standing: miscellaneous		"
Miscellaneous;1,8;"Sitting: arts and crafts, carving wood, weaving, spinning wool, light effort		"
Miscellaneous;3;"Sitting: arts and crafts, carving wood, weaving, spinning wool, moderate effort		"
Miscellaneous;2,5;"Standing: arts and crafts, sand painting, carving, weaving, light effort		"
Miscellaneous;3,3;"Standing - arts and crafts, sand painting, carving, weaving, moderate effort		"
Miscellaneous;3,5;"Standing - arts and crafts, sand painting, carving, weaving, vigorous effort		"
Miscellaneous;1,5;"Retreat/family reunion activities involving sitting, relaxing, talking, eating		"
Miscellaneous;2,5;"Retreat/family reunion activities involving playing games with children		"
Miscellaneous;2;"Touring/traveling/vacation involving riding in vehicle		"
Miscellaneous;3,5;"Touring/traveling/vacation involving walking		"
Miscellaneous;2,5;"Camping involving standing, walking, sitting, light-to-moderate effort		"
Miscellaneous;1,5;"Sitting at a sporting event, spectator		"
Music Playing;1,8;"Accordion, sitting		"
Music Playing;2,3;"Cello, sitting		"
Music Playing;2,3;"Conducting orchestra, standing		"
Music Playing;2,5;"Double bass, standing		"
Music Playing;3,8;"Drums, sitting		"
Music Playing;3;"Drumming (e,g,, bongo, conga, benbe), moderate, sitting		"
Music Playing;8,3;"Drumming, concert/live show		"
Music Playing;2;"Flute, sitting		"
Music Playing;1,8;"Horn, standing		"
Music Playing;2,3;"Piano, sitting		"
Music Playing;2;"Playing musical instruments, general		"
Music Playing;2;"Organ, sitting		"
Music Playing;3,5;"Trombone, standing		"
Music Playing;2,5;"Trumpet, standing		"
Music Playing;2,5;"Violin, sitting		"
Music Playing;1,8;"Woodwind instruments, sitting		"
Music Playing;1,8;"Brass instruments, sitting		"
Music Playing;2;"Guitar, classical, folk, sitting		"
Music Playing;3;"Guitar, rock and roll band, standing		"
Music Playing;4;"Marching band, baton twirling, walking, moderate pace, general		"
Music Playing;5,5;"Marching band, playing an instrument, walking, brisk pace, general		"
Music Playing;3,5;"Marching band, drum major, walking		"
Occupation;2;"Active workstation, Pedal desk, balance chair/ball, General, light effort		"
Occupation;3,5;"Active workstation, Pedal desk (40 watts)		"
Occupation;5,3;"Active workstation, Pedal desk (80 watts)		"
Occupation;2;"Active workstation, treadmill desk, walking slowly 1,0 mph or less		"
Occupation;2,8;"Active workstation, treadmill desk, walking 1,0 - 2,0 mph		"
Occupation;3;"Airline flight attendant		"
Occupation;4,8;"Apple Harvesting		"
Occupation;4;"Bakery, general, moderate effort		"
Occupation;2;"Bakery, light effort		"
Occupation;2,3;"Bookbinding		"
Occupation;6;"Building road, driving heavy machinery		"
Occupation;2;"Building road, directing traffic, standing		"
Occupation;2,5;"Carpentry, general, light effort		"
Occupation;4,3;"Carpentry, general, moderate effort		"
Occupation;7;"Carpentry, general, heavy or vigorous effort		"
Occupation;8;"Carrying heavy loads (e,g,, bricks, tools)		"
Occupation;8;"Carrying moderate loads up stairs, moving boxes, 25-49 lbs		"
Occupation;4;"Chambermaid, hotel housekeeper, making bed, cleaning bathroom, pushing cart		"
Occupation;4,3;"Cleaning, vacuuming commercial space		"
Occupation;5,3;"Coal mining, drilling coal, rock		"
Occupation;5;"Coal mining, erecting supports		"
Occupation;5,5;"Coal mining, general		"
Occupation;6,3;"Coal mining, shoveling coal, by hand		"
Occupation;2,5;"Cook, chef		"
Occupation;4;"Construction, outside, remodeling, new structures (e,g,, roof repair, miscellaneous)		"
Occupation;2,3;"Construction, rebar, bar bending/fixing		"
Occupation;2,3;"Custodial work, light effort (e,g,, cleaning sink and toilet, dusting, vacuuming, light cleaning)		"
Occupation;3,3;"Electrical work (e,g,, hook up wire, tapping splicing)	 plumbing moved to11516	"
Occupation;1,8;"Engineer (e,g,, mechanical or electrical)		"
Occupation;7,8;"Farming, vigorous effort (e,g,, baling hay, cleaning barn), includes former code 11200		"
Occupation;2;"Farming, light effort, (e,g,, cleaning animal sheds, preparing animal feed)		"
Occupation;2,8;"Farming, driving tasks (e,g,, driving tractor or harvester)		"
Occupation;3,5;"Farming, feeding small animals		"
Occupation;4,3;"Farming, feeding cattle, horses		"
Occupation;4,3;"Farming, hauling water for animals, fetching water from well or stream		"
Occupation;3,8;"Farming, rice, planting, grain milling activities		"
Occupation;3,5;"Farming, milking by hand, cleaning pails, moderate effort		"
Occupation;1,3;"Farming, milking by machine, light effort		"
Occupation;3;"Farming, milking Cows, full milking process, modern milking parlor with milking machines		"
Occupation;8;"Fire fighter, general		"
Occupation;6,8;"Fire fighter, rescue victim, automobile accident, using pike pole		"
Occupation;8;"Fire fighter, raising and climbing ladder with full gear, simulated fire suppression		"
Occupation;9;"Fire fighter, hauling hoses on ground, carrying/hoisting equipment, breaking down walls etc,, wearing full gear		"
Occupation;3,5;"Fishing, commercial, light effort		"
Occupation;5;"Fishing, commercial, moderate effort		"
Occupation;17,5;"Forestry, ax chopping, very fast, 1,25 kg axe, 51 blows/min, extremely vigorous effort		"
Occupation;5;"Forestry, ax chopping, slow, 1,25 kg axe, 19 blows/min, moderate effort		"
Occupation;8;"Forestry, ax chopping, fast, 1,25 kg axe, 35 blows/min, vigorous effort		"
Occupation;5;"Forestry, moderate effort (e,g,, sawing wood with power saw, weeding, hoeing)		"
Occupation;4,8;"Furriery		"
Occupation;3,8;"Garbage collector, walking, dumping bins into truck, street cleaning		"
Occupation;1,8;"Hairstylist (e,g,, plaiting hair, manicure, make up artist)		"
Occupation;7,3;"Horse grooming, including feeding, cleaning stalls, bathing, brushing, clipping, longeing and exercising horses,		"
Occupation;4,3;"Horse, feeding, watering, cleaning stalls, implied walking and lifting loads		"
Occupation;4,5;"Horseback riding, working, cutting cows		"
Occupation;7,8;"Horse racing, galloping, cantor		"
Occupation;6,3;"Horse racing, Jockey, trotting		"
Occupation;2,3;"Horse racing, Jockey, walking		"
Occupation;3;"Kitchen maid		"
Occupation;4;"Lawn keeper, yardwork, general		"
Occupation;3;"Lawn keeper, weeding, gas powered		"
Occupation;3,3;"Laundry worker		"
Occupation;3;"Locksmith		"
Occupation;3;"Machine tooling (e,g,, machining, working sheet metal, machine fitter, operating lathe, welding) light-to-moderate effort		"
Occupation;5;"Machine tooling, operating punch press, moderate effort		"
Occupation;1,8;"Manager, property		"
Occupation;2,8;"Manual or unskilled labor, general, light effort		"
Occupation;4,5;"Manual or unskilled labor, general, moderate effort		"
Occupation;6,5;"Manual or unskilled labor, general, vigorous effort		"
Occupation;4,3;"Masonary, concrete, moderate effort		"
Occupation;2,5;"Masonry, concrete, light effort		"
Occupation;5,5;"Massage therapist, standing		"
Occupation;2,3;"Mail carrier, walking to deliver mail		"
Occupation;1,5;"Mail delivery, motorbike		"
Occupation;3,5;"Mail delivery, Electronically Assisted Bicycle		"
Occupation;7,5;"Moving, carrying or pushing heavy objects, 75 lbs or more, only active time (e,g,, desks, moving van work)		"
Occupation;8,5;"Mining, general services, drilling, mining support jobs (mechanical, welding, pipe installation, general construction)		"
Occupation;12;"Skindiving or SCUBA diving as a frogman, Navy Seal		"
Occupation;2,5;"Operating heavy duty equipment, automated, not driving		"
Occupation;3,5;"Orange grove work, picking fruit		"
Occupation;3,3;"Painting, house, furniture, moderate effort		"
Occupation;3;"Plumbing activities		"
Occupation;2;"Printing, paper industry worker, standing		"
Occupation;3,8;"Police Officer, Walking		"
Occupation;2,5;"Police, directing traffic, standing		"
Occupation;2;"Police, driving a squad car, sitting		"
Occupation;1,3;"Police, riding in a squad car, sitting		"
Occupation;4;"Police, making an arrest, standing		"
Occupation;9;"Counter terrorism maneuvers, clearing building		"
Occupation;2;"Shoe repair, general		"
Occupation;7,3;"Shoveling, digging ditches		"
Occupation;8,8;"Shoveling, more than 16 lbs/minute, deep digging, vigorous effort		"
Occupation;5;"Shoveling, less than 10 lbs/minute, moderate effort		"
Occupation;6,5;"Shoveling, 10 to 15 lbs/minute, vigorous effort		"
Occupation;1,5;"Sitting tasks, light effort (e,g,, office work, chemistry lab work, light assembly repair, watch repair, reading, desk work)		"
Occupation;1,3;"Sitting, computer work		"
Occupation;1,3;"Standing workstation, typing, computer work		"
Occupation;1,3;"Sitting meetings, light effort, general, and/or with talking involved (e,g,, eating at a business meeting)		"
Occupation;2,5;"Sitting tasks, moderate effort (e,g, pushing heavy levers, riding mower/forklift, crane operation)		"
Occupation;2,8;"Sitting, teaching stretching or yoga, or light effort exercise classes		"
Occupation;4,5;"Standing, moderate effort, lifting items continuously, 10 – 20 lbs, with limited walking or resting		"
Occupation;3,8;"Standing, moderate effort, intermittent lifting 50 lbs, hitch or twisting ropes		"
Occupation;4,5;"Standing, moderate/heavy tasks (e,g,, lifting more than 50 lbs, masonry, painting, paper hanging)		"
Occupation;2,3;"Patient care, healthcare activites		"
Occupation;3,5;"Patient care, room cleaning/preperation		"
Occupation;5,3;"Steel mill, moderate effort (e,g,, fettling, forging, tipping molds)		"
Occupation;8,3;"Steel mill, vigorous effort (e,g,, hand rolling, merchant mill rolling, removing slag, tending furnace)		"
Occupation;2,3;"Tailoring, cutting fabric		"
Occupation;2,5;"Tailoring, general		"
Occupation;1,8;"Tailoring, hand sewing		"
Occupation;2,5;"Tailoring, machine sewing		"
Occupation;3,5;"Tailoring, pressing		"
Occupation;2;"Tailoring, weaving, light effort (e,g,, finishing operations, washing, dyeing, inspecting cloth, counting yards, paperwork)		"
Occupation;6,5;"Truck driving, loading and unloading truck, tying down load, standing, walking and carrying heavy loads		"
Occupation;2;"Truck driving, delivery truck, taxi, shuttlebus, school bus		"
Occupation;1,3;"Typing, electric, manual or computer		"
Occupation;6,3;"Using heavy power tools such as pneumatic tools (e,g,, jackhammers, drills, etc,)		"
Occupation;7,8;"Using heavy tools (not power) such as shovel, pick, tunnel bar, spade		"
Occupation;2;"Walking on job, less than 2,0 mph, very slow speed, in office or lab area		"
Occupation;3,8;"Walking on job, 2,8 to 3,4 mph, in office, moderate speed, not carrying anything		"
Occupation;4,8;"Walking on job, 3,5 to 3,9 mph, in office, brisk speed, not carrying anything		"
Occupation;3,5;"Walking on job, 2,5 mph, slow speed, carrying light objects less than 25 lbs		"
Occupation;3;"Walking, gathering things at work, ready to leave		"
Occupation;3,8;"Walking, 2,5 mph, slow speed, carrying heavy objects more than 25 lbs		"
Occupation;4,5;"Walking, 3,0 mph, moderately and carrying light objects less than 25 lbs		"
Occupation;3,8;"Walking, pushing a wheelchair		"
Occupation;4,5;"Walking, 3,5 mph, briskly and carrying objects less than 25 lbs		"
Occupation;4;"Walking or walk downstairs or standing, carrying objects about 25 to 49 lbs		"
Occupation;5,5;"Walking or walk downstairs or standing, carrying objects about 50 to 74 lbs		"
Occupation;7;"Walking or walk downstairs or standing, carrying objects about 75 to 99 lbs		"
Occupation;7,3;"Walking or walk downstairs or standing, carrying objects about 100 lbs or more		"
Occupation;2,3;"Warehouse/Shipping Center, Loading/Unloading boxes		"
Occupation;4,3;"Warehouse/Shipping Center, Moving boxes (~5kg)		"
Occupation;3;"Working in scene shop, theater actor, backstage employee		"
Occupation;3,5;"Soldiers, military marching, unloaded 1,5-2,5 mph		"
Occupation;4;"Soldiers, military marching, 1,5-2,5 mph, 10 to 30 kg load		"
Occupation;5;"Airborne Shuffle, 2,5 to 3,5 mph, 20-30 kg load		"
Occupation;6,3;"Soldiers, military loaded marching, varying terrain, 25-40 kg load		"
Occupation;6;"Soldiers, walking, 2,8 mph, 5% grade, up to 21,5 kg load		"
Occupation;8,5;"Soldiers, walking, 2,8 mph, 10% grade, up to 21,5 kg load		"
Occupation;11;"Soldiers, walking, 2,8 mph, 15% grade, up to 21,5 kg load		"
Occupation;6;"Military activities, arterial field preparation, digging defensive positions		"
Running;6;"Jog/walk combination (jogging component of less than 10 minutes) (Taylor Code 180)		"
Running;7,5;"Jogging, general, self-selected pace		"
Running;4,8;"Jogging, in place		"
Running;3,3;"Jogging 2,6 to 3,7 mph		"
Running;4,5;"Jogging on a mini-tramp		"
Running;6,5;"Running, 4 to 4,2 mph (13 min/mile)		"
Running;7,8;"Running 4,3 to 4,8 mph		"
Running;8,5;"Running, 5,0 to 5,2 mph (12 min/mile)		"
Running;9;"Running, 5,5 -5,8 mph		"
Running;9,3;"Running, 6-6,3 mph (10 min/mile)		"
Running;10,5;"Running, 6,7 mph (9 min/mile)		"
Running;11;"Running, 7 mph (8,5 min/mile)		"
Running;11,8;"Running, 7,5 mph (8 min/mile)		"
Running;12;"Running, 8 mph (7,5 min/mile)		"
Running;12,5;"Running, 8,6 mph (7 min/mile)		"
Running;13;"Running, 9 mph (6,5 min/mile)		"
Running;14,8;"Running, 9,3 to 9,6 mph		"
Running;14,8;"Running, 10 mph (6 min/mile)		"
Running;16,8;"Running, 11 mph (5,5 min/mile)		"
Running;18,5;"Running, 12 mph (5,0 min/mile)		"
Running;19,8;"Running, 13 mph (4,6 min/mile)		"
Running;23;"Running, 14 mph (4,3 min/mile)		"
Running;9,3;"Running, cross country		"
Running;10,5;"Running, self-selected pace		"
Running;8;"Running (Taylor Code 200)		"
Running;15;"Running, stairs, up		"
Running;10;"Running, on a track, team practice		"
Running;18;"Running, on track, 500-1500m, competitive		"
Running;19,3;"Running, on track, 2000-3000m, competitive		"
Running;8;"Running, training, pushing a wheelchair or baby carrier		"
Running;13,3;"Running, marathon		"
Running;10,3;"Running uphill, 4,5mph, 5% incline		"
Running;13,3;"Running uphill, 6,0 mph, 5% incline		"
Running;15,5;"Running uphill, 7,0 mph, 5% incline		"
Running;17,5;"Running uphill, 5,0 to 5,9 mph, 15% incline		"
Running;8,8;"Running uphill, 0,6 to 0,79 mph, 30% incline		"
Running;10,3;"Running uphill, 0,8 to 0,99 mph, 30% incline		"
Running;11,8;"Running uphill, 1,0 to 1,19 mph, 30% incline		"
Running;13,5;"Running uphill, 1,2 to 1,39 mph, 30-40% incline		"
Running;14,8;"Running uphill, 1,4 to 1,59 mph, 30% incline		"
Running;16,3;"Running uphill, >1,6mph, 10-30% incline		"
Running;16;"Running, hilly terrain, ±100m change in elevation		"
Running;5,8;"Running downhill, 5,0 to 5,9 mph, -10% to -15%		"
Running;7,5;"Running downhill, 6,0 to 6,9 mph, -10% to -15%		"
Running;9;"Running downhill, 7,0 to 8,9 mph, -10% to -15%		"
Running;9,3;"Running downhill, 6,0 to 7,9 mph, -3% to -9%		"
Running;13,8;"Running downhill, 8,0 to 10,5 mph, -3% to -9%		"
Running;5,3;"Running/jogging, curved treadmill, 3,0 to 3,9 mph		"
Running;6,5;"Running/jogging, curved treadmill, 4,0 to 4,9 mph		"
Running;11;"Running curved treadmill, 5,0 to 5,9 mph		"
Running;12;"Running curved treadmill, 7,0 to 7,9 mph		"
Running;14;"Running curved treadmill, 8,0 to 8,9 mph		"
Running;16,8;"Running curved treadmill, 9,0 to 9,9 mph		"
Running;8,5;"Running, 5,0 - 5,9 mph, 1,0 to 3,0 kg backpack		"
Running;9,5;"Running, 6,0 - 6,9 mph, 1,0 to 3,0 kg backpack		"
Running;9,8;"Running, 7,0 - 7,9 mph, 1,0 to 3,0 kg backpack		"
Running;12;"Running, 8,0 - 8,9 mph, 1,0 to 3,0 kg backpack		"
Running;7,8;"Running, barefoot, 3,5-5,9 mph		"
Running;12;"Running, barefoot, 6,0-7,9 mph		"
Running;13,5;"Running, barefoot, 8,0-8,9 mph		"
Running;8;"Running, jogging stroller, indoors, 5 mph		"
Running;9;"Running, jogging stroller, indoors, 6 mph		"
Running;10;"Running, jogging stroller, outdoors, 5 mph		"
Running;11,5;"Running, jogging stroller, outdoors, 6 mph		"
Running;11,5;"Skipping, 5,5-6,0 mph		"
Running;13;"Triathlon, Running		"
Self Care;2,3;"Getting ready for bed, general, standing		"
Self Care;2,3;"Sitting on toilet, eliminating while standing or squatting		"
Self Care;1,5;"Bathing, sitting		"
Self Care;2,8;"Dressing, undressing, standing or sitting		"
Self Care;1,5;"Eating, sitting		"
Self Care;2;"Talking and eating or eating only, standing		"
Self Care;1,5;"Taking medication, sitting or standing		"
Self Care;2;"Grooming, washing hands, shaving, brushing teeth, putting on make-up, sitting or standing		"
Self Care;2,5;"Hairstyling, standing		"
Self Care;1,3;"Having hair or nails done by someone else, sitting		"
Self Care;2;"Showering, toweling off, standing		"
Sexual Activity;5,8;"Active, vigorous effort		"
Sexual Activity;3;"General, moderate effort		"
Sexual Activity;1,8;"Passive, light effort, kissing, hugging		"
Sports;5,5;"Alaska Native Games, Eskimo Olympics, general		"
Sports;4,3;"Archery (non-hunting)		"
Sports;7;"Badminton, competitive (Taylor Code 450)		"
Sports;9;"Badminton, competitive, match play		"
Sports;5,5;"Badminton, social singles and doubles, general		"
Sports;8;"Basketball, game (Taylor Code 490)		"
Sports;6;"Basketball, non-game, general (Taylor Code 480)		"
Sports;7,5;"Basketball, general		"
Sports;7;"Basketball, officiating (Taylor Code 500)		"
Sports;5,8;"Basketball, officiating		"
Sports;5;"Basketball, shooting baskets		"
Sports;9,3;"Basketball, drills, practice		"
Sports;2,5;"Billiards		"
Sports;3;"Bowling (Taylor Code 390)		"
Sports;3,8;"Bowling, indoor, bowling alley		"
Sports;12,3;"Boxing, in ring, general		"
Sports;5,8;"Boxing, punching bag		"
Sports;7;"Boxing, punching bag, 60 b/min		"
Sports;8,5;"Boxing, punching bag, 120 b/min		"
Sports;10,8;"Boxing, punching bag, 180 b/min		"
Sports;7,8;"Boxing, sparring		"
Sports;9,3;"Boxing, simulated boxing round, exercise		"
Sports;7;"Broomball		"
Sports;6;"Cheerleading, gymnastic moves, competitive		"
Sports;4;"Coaching, football, soccer, basketball, baseball, swimming, etc,		"
Sports;8;"Coaching, actively playing sport with players		"
Sports;4,8;"Cricket, batting, bowling, fielding		"
Sports;3,3;"Croquet		"
Sports;4;"Curling		"
Sports;2,5;"Darts, wall or lawn		"
Sports;6;"Drag racing, pushing or driving a car		"
Sports;8,5;"Auto racing, open wheel		"
Sports;7,8;"Futsal		"
Sports;6;"Fencing, general		"
Sports;9,8;"Fencing, epee, competitive		"
Sports;10,5;"Floorball		"
Sports;8;"Football, competitive		"
Sports;8;"Football, touch, flag, general (Taylor Code 510)		"
Sports;4;"Football, touch, flag, light effort		"
Sports;2,5;"Football or baseball, playing catch		"
Sports;3;"Frisbee playing, general		"
Sports;8;"Frisbee, ultimate		"
Sports;3,8;"Frisbee golf		"
Sports;4,5;"Golf, general		"
Sports;4,3;"Golf, walking, carrying clubs		"
Sports;3,5;"Golf, miniature, driving range		"
Sports;4,5;"Golf, walking, pulling clubs		"
Sports;3,5;"Golf, using power cart (Taylor Code 070)		"
Sports;3,8;"Gymnastics, general		"
Sports;4;"Hacky sack		"
Sports;12;"Handball, general (Taylor Code 520)		"
Sports;8;"Handball, team		"
Sports;4;"High ropes course, multiple elements		"
Sports;3,5;"Hang gliding		"
Sports;7,8;"Hockey, field		"
Sports;8;"Hockey, ice, general		"
Sports;10;"Hockey, ice, competitive		"
Sports;5,5;"Horseback riding, general		"
Sports;4,5;"Horse grooming, maintenance, saddling tasks		"
Sports;5,8;"Horseback riding, trotting		"
Sports;7,3;"Horseback riding, canter or gallop		"
Sports;3,8;"Horseback riding, walking		"
Sports;9;"Horseback riding, jumping		"
Sports;6;"Horseback riding, reining		"
Sports;2,1;"Horseback riding, simulator		"
Sports;1,8;"Horse cart, driving, standing or sitting		"
Sports;3;"Horseshoe pitching, quoits		"
Sports;12;"Jai alai		"
Sports;5,3;"Martial Arts, different types, slower pace, novice performers, practice		"
Sports;10,3;"Martial Arts, different types, moderate pace (e,g,, judo, jujitsu, karate, kick boxing, tae kwon do, tai-bo, Muay Thai boxing)		"
Sports;14,3;"Taekwondo, combat simulation		"
Sports;11,3;"Judo		"
Sports;4;"Juggling		"
Sports;6,5;"Kendo, kihon-keiko style, moderate intensity		"
Sports;9,6;"Kendo, kirikaeshi style, high intensity		"
Sports;11,3;"Kendo, kakari keiko style, very high intensity		"
Sports;7;"Kickball		"
Sports;5,5;"Kung Fu Gymnastics		"
Sports;7,3;"Kickboxing		"
Sports;8;"Lacrosse		"
Sports;3,3;"Lawn bowling, bocce ball, outdoor		"
Sports;4;"Motocross, off-road motor sports, all-terrain vehicle, general		"
Sports;5,3;"Motorcycle racing, Supormoto racing		"
Sports;7;"Netball		"
Sports;9;"Orienteering		"
Sports;10;"Paddleball, competitive		"
Sports;6;"Paddleball, casual, general (Taylor Code 460)		"
Sports;1,8;"Paragliding, moderate altitude		"
Sports;6,5;"Prusik climbing		"
Sports;8;"Polo, on horseback		"
Sports;10;"Racquetball, competitive		"
Sports;10,3;"Race Walking, 3,1 m/s (6,9 mph)		"
Sports;13,8;"Race Walking, 3,7 m/s (8,3 mph)		"
Sports;15,5;"Race Walking, racing speed, 4,0 m/s (8,95 mph)		"
Sports;7;"Racquetball, general (Taylor Code 470)		"
Sports;8;"Rock or mountain climbing (Taylor Code 060), (formerly code 17120)		"
Sports;8,8;"Rock climbing, free boulder		"
Sports;7,3;"Rock climbing, ascending rock, high difficulty		"
Sports;10,5;"Rock climbing, speed climbing, very difficult		"
Sports;5,8;"Rock climbing, ascending or traversing rock, low-to-moderate difficulty		"
Sports;10,5;"Rock climbing, treadwall, 4-6 m/min		"
Sports;10,5;"Rock climbing, treadwall, 7-10 m/min		"
Sports;5;"Rock climbing, rappelling,		"
Sports;4;"Rodeo sports, general, light effort		"
Sports;5,5;"Rodeo sports, general, moderate effort		"
Sports;7;"Rodeo sports, general, vigorous effort		"
Sports;12,3;"Rope jumping, fast pace, 120-160 skips/min		"
Sports;11,8;"Rope jumping, moderate pace, general, 100 to 120 skips/min, 2 foot skip, plain bounce		"
Sports;8,3;"Rope jumping, slow pace, < 100 skips/min, 2 foot skip, rhythm bounce		"
Sports;10;"Rope jumping, double under or more		"
Sports;8,3;"Rugby, union, team, competitive		"
Sports;6,3;"Rugby, touch, non-competitive		"
Sports;3;"Shuffleboard		"
Sports;5;"Skateboarding, general, moderate effort		"
Sports;6;"Skateboarding, competitive, vigorous effort		"
Sports;7;"Skating, roller (Taylor Code 360)		"
Sports;7,5;"Roller blading, in-line skating, 14,4 km/h (9,0 mph), recreational pace		"
Sports;9,8;"Roller blading, in-line skating, 17,7 km/h (11,0 mph), moderate pace, exercise training		"
Sports;12,3;"Roller blading, in-line skating, 21,0 to 21,7 km/h (13,0 to 13,6 mph), fast pace, exercise training		"
Sports;15,5;"Rollerblading, in-line skating, 24,0 km/h (15,0 mph), maximal effort		"
Sports;6,8;"Skateboard, longboard, 13,3 km/h, slow speed		"
Sports;8,3;"Skateboard, longboard, 16,2 km/h, typical speed		"
Sports;10,5;"Skateboard, longboard, 18,4 km/h, fast speed		"
Sports;3,5;"Skydiving, base-jumping, bungee jumping		"
Sports;9,5;"Soccer, competitive		"
Sports;7;"Soccer, casual, general (Taylor Code 540)		"
Sports;3,5;"Walking football/soccer		"
Sports;5;"Softball or baseball, fast or slow pitch, general, moderate effort (Taylor Code 440)		"
Sports;4;"Softball, practice		"
Sports;4;"Softball, officiating		"
Sports;6;"Softball, pitching		"
Sports;3,3;"Sports spectator, very excited, emotional, physically moving		"
Sports;12;"Squash (Taylor Code 530)		"
Sports;7,3;"Squash, general		"
Sports;4;"Table tennis, ping pong (Taylor Code 410)		"
Sports;3,3;"Tai chi, qi gong, general		"
Sports;1,5;"Tai chi, qi gong, sitting, light effort		"
Sports;6;"Tai chi chuan, Yang style		"
Sports;6,8;"Tennis, general, moderate effort		"
Sports;8;"Tennis, general, competitive		"
Sports;6;"Tennis, doubles (Taylor Code 430)		"
Sports;4,5;"Tennis, doubles		"
Sports;8;"Tennis, singles (Taylor Code 420)		"
Sports;5;"Tennis, hitting balls, non-game play, moderate effort		"
Sports;6,3;"Trampoline, recreational		"
Sports;10,3;"Trampoline, competitive		"
Sports;4;"Volleyball (Taylor Code 400)		"
Sports;6;"Volleyball, competitive, in gymnasium		"
Sports;3;"Volleyball, non-competitive, 6 - 9 member team, general		"
Sports;8;"Volleyball, beach, in sand		"
Sports;6;"Wrestling, competitive (one match = 5 minutes)		"
Sports;7;"Wallyball, general		"
Sports;4;"Track and field (e,g,, shot, discus, hammer throw)		"
Sports;6;"Track and field (e,g,, high jump, long jump, triple jump, javelin, pole vault)		"
Sports;10;"Track and field (e,g,, steeplechase, hurdles)		"
Transportation;6,8;"Bicycling for transportation, moderate effort		"
Transportation;9,3;"Bicycling for transportation, high effort		"
Transportation;6,8;"E-bike (electrically assisted) for transportation		"
Transportation;2;"Automobile or light truck (not a semi) driving		"
Transportation;1,3;"Riding in a car or truck		"
Transportation;1,3;"Riding in a bus or train		"
Transportation;1,8;"Flying airplane or helicoptor		"
Transportation;2,8;"Motor scooter, motorcycle		"
Transportation;6,3;"Pulling rickshaw		"
Transportation;6;"Pushing plane in and out of hangar		"
Transportation;2,5;"Truck, semi, tractor, ≥1 ton, or bus, driving		"
Transportation;3,5;"Walking for transportation, 2,8-3,2 mph, level, moderate pace, firm surface		"
Walking;7;"Backpacking (Taylor Code 050)		"
Walking;3,5;"Walking with a day pack, level ground, assumed in the city		"
Walking;7,8;"Backpacking, hiking with a daypack, organized walking with daypack		"
Walking;4;"Carrying 5 to 14 lb (2,3 to 6,4 kg) load (e,g, suitcase, boxes, groceries), level ground, moderate pace		"
Walking;4,5;"Carrying 15 - 155 lb (6,8 - 70,4 kg) load (e,g, suitcase, boxes, furniture), level ground or downstairs, slow pace		"
Walking;6,5;"Carrying 50 to 150 pound load (e,g,, equine or bovine feed, fence pipes, furniture), level ground, moderate pace		"
Walking;2,3;"Carrying ~10 lb child, slow walking		"
Walking;8,3;"Carrying load upstairs, general		"
Walking;5,5;"Carrying load, 1 to 15 lb load, upstairs		"
Walking;6;"Carrying load, 16 to 24 lb load, upstairs		"
Walking;8;"Carrying load, 25 to 49 lb load, upstairs		"
Walking;10;"Carrying load, 50 to 74 lb load, upstairs		"
Walking;12;"Carrying load, >74 lb load, upstairs		"
Walking;3,8;"Loading and/or unloading a car, implied walking		"
Walking;5;"Climbing hills, no load, 5 to 20% grade, very slow pace		"
Walking;3,8;"Climbing hills, 15-50 lb load, 1 to 2% grade, slow pace		"
Walking;5,3;"Climbing hills, no load, 1 to 5% grade, moderate-to-brisk pace		"
Walking;7;"Climbing hills, no load, 6 to 10% grade, moderate-to-brisk pace		"
Walking;8,8;"Climbing hills, no load, 11 to 20% grade, slow-to-moderate pace		"
Walking;10;"Climbing hills, no load, 4,0 to 5,0 mph, 3 to 5% grade, very fast pace		"
Walking;8,5;"Climbing hills, no load, steep grade (30%), slow pace (less than 1,2 mph)		"
Walking;15,5;"Climbing hills, no load, very steep grade (30-40%), 1,2 to 1,8 mph		"
Walking;16,3;"Climbing hills, no load, steep grade (10-40%), 1,8 to 5,0 mph		"
Walking;6,5;"Climbing hills, 10 to 20 lb load, 5 to 10% grade, moderate		"
Walking;7,5;"Climbing hills, 21 to 40 lb load, 3 to 10% grade, moderate-to-brisk pace		"
Walking;10;"Climbing hills, 20+ pound load, 5 to 20% grade, moderate to brisk pace		"
Walking;3,5;"Descending stairs		"
Walking;4,5;"Hauling water, head hauling, walking on flat surface		"
Walking;6;"Hiking, cross country (Taylor Code 040)		"
Walking;3,8;"Hiking slowly or ambling through fields and hillsides, no load		"
Walking;5,3;"Hiking or walking at a normal pace through fields and hillsides, no load		"
Walking;2,5;"Bird watching, walking and stopping		"
Walking;4,5;"Marching, moderate speed, military, no pack		"
Walking;8;"Marching rapidly, military, no pack		"
Walking;3,8;"Pushing or pulling stroller with child or walking with children, 2,5 to 3,1 mph		"
Walking;3,8;"Pushing a wheelchair, non-occupational		"
Walking;6,5;"Race walking		"
Walking;8;"Stair climbing, using or climbing up ladder (Taylor Code 030)		"
Walking;6,8;"Stair climbing, general		"
Walking;4,5;"Stair climbing, slow pace		"
Walking;9,3;"Stair climbing, fast pace, one step at a time		"
Walking;7,5;"Stair climbing, two steps at a time		"
Walking;7,5;"Stair climbing, ascending and descending stairs		"
Walking;4,5;"Using crutches, level ground, general		"
Walking;7;"Using crutches, fast pace		"
Walking;4,3;"Using medical knee scooter		"
Walking;2,3;"Walking, household		"
Walking;2,3;"Walking, less than 2,0 mph, level, strolling, very slow		"
Walking;2,8;"Walking, 2,0 to 2,4 mph, level, slow pace, firm surface		"
Walking;3,5;"Walking for pleasure (Taylor Code 010)		"
Walking;2,5;"Walking from house to car or bus, from car or bus to go places, from car or bus to and from the worksite		"
Walking;2,5;"Walking to neighbor’s house or family’s house for social reasons		"
Walking;3;"Walking the dog		"
Walking;3;"Walking, 2,5 mph, firm, level surface		"
Walking;3,3;"Walking, 2,5 mph, downhill		"
Walking;3,8;"Walking, 2,8 to 3,4 mph, level, moderate pace, firm surface		"
Walking;4,8;"Walking, 3,5 to 3,9 mph, level, brisk, firm surface, walking for exercise		"
Walking;5,5;"Walking, 4,0 to 4,4 mph (6,4 to 7,0 km/h), level, firm surface, very brisk pace		"
Walking;7;"Walking, 4,5 to 4,9 mph, level, firm surface, very, very brisk		"
Walking;8,5;"Walking, 5,0 to 5,5 mph (8,8 to 8,9 km/h), level, firm surface		"
Walking;3,5;"Walking, for pleasure, work break (Taylor Code xxx)		"
Walking;4;"Walking, self-selected speed, indoor track or outdoors, firm surface		"
Walking;4,8;"Walking, grass track		"
Walking;4,5;"Walking, normal pace, plowed field or sand		"
Walking;4;"Walking, to work or class (Taylor Code 015)		"
Walking;2,5;"Walking, to and from an outhouse		"
Walking;4,3;"Walking, for exercise, 2,5 to 3,5 mph (4,0 to 5,6 km/h), with ski poles, Nordic walking, level, moderate pace		"
Walking;5,3;"Walking, for exercise, 3,6 to 4,4 mph (5,8 to 7,1 km/h), with ski poles, Nordic walking, level, moderate pace		"
Walking;8,5;"Walking, for exercise, 4,5 to 5,0 mph, with ski poles, Nordic walking, level, fast pace		"
Walking;8,8;"Walking, for exercise, with ski poles, Nordic walking, uphill, moderate pace		"
Walking;10,8;"Walking, for exercise, with ski poles, Nordic walking, level ground, carrying 20 to 30 lb load (9,0 to 15,0 kg)		"
Walking;12,3;"Walking, for exercise, with ski poles, Nordic walking, uphill, carrying 20 to 30 lb load (9,0 to 15,0 kg)		"
Walking;6;"Walking, backward, 3,5 mph, level		"
Walking;7,8;"Walking, backward, 3,5 mph, uphill, 5% grade		"
Walking;8;"Walking, Teabag walk, Monty Python Ministry of Silly Walks		"
Walking;3,5;"Walking, Putey walk, Monty Python Ministry of Silly Walks		"
Walking;2,1;"Walking, treadmill, less than 1,0 mph, 0% grade		"
Walking;2,3;"Walking, treadmill, 1,0 mph, 0% grade		"
Walking;2,8;"Walking, treadmill, 1,2 to 1,9 mph, 0% grade (1,9 to 3,0 km/h)		"
Walking;3;"Walking, treadmill, 2,0 to 2,4 mph (3,2 to 3,9 km/h), 0% grade		"
Walking;3,5;"Walking, treadmill, 2,5 to 2,9 mph (4,0 to 4,7 km/h), 0% grade		"
Walking;3,8;"Walking, treadmill, 3,0 to 3,4 mph (4,8 to 5,5 km/h), 0% grade		"
Walking;4,8;"Walking, treadmill, 3,5 to 3,9 mph (5,6 to 6,3 km/h), 0% grade		"
Walking;5,8;"Walking, treadmill, 4,0 to 4,4 mph (6,4 to 7,1 km/h), 0% grade		"
Walking;6,8;"Walking, treadmill, 4,5 to 4,9 mph (7,2 to 7,9 km/h), 0% grade		"
Walking;8,3;"Walking, treadmill, 5,0 to 5,5 mph (8,0 to 8,9 km/h), 0% grade		"
Walking;3,3;"Walking, treadmill, downhill (-3% to -12% grade), 2,8 to 3,1 mph		"
Walking;3,3;"Walking, treadmill, downhill (-5% to -25% grade), 2,8 mph, with Nordic Poles		"
Walking;4,8;"Walking, treadmill, 2,5 mph, 0% grade, 5 to 20 degrees C, 40 lb (18,2 kg) load		"
Walking;5,8;"Walking, treadmill, 2,5 mph, 0% grade, -10 to 0 degrees C, 40 lb (18,2 kg) load		"
Walking;8,3;"Walking, Curved treadmill, 3,0 to 5,0 mph, brisk pace		"
Walking;7,8;"Walking treadmill, backwards, 2,5 mph, +10% grade		"
Walking;1,5;"Walking, with a walker or step-to gait on treadmill, 0,7 mph (1,1 km/h), 0% grade		"
Water Activities;2,5;"Boating, power, driving		"
Water Activities;1,3;"Boating, power, passenger, light		"
Water Activities;4;"Canoeing, on camping trip (Taylor Code 270)		"
Water Activities;3,3;"Canoeing, harvesting wild rice, knocking rice off the stalks		"
Water Activities;7;"Canoeing, portaging		"
Water Activities;2,8;"Canoeing, rowing, 2,0-3,9 mph, light effort		"
Water Activities;5,8;"Canoeing, rowing, 4,0-5,9 mph, moderate effort		"
Water Activities;12,5;"Canoeing, rowing, kayaking, competition, > 6 mph, vigorous effort		"
Water Activities;3,5;"Canoeing, rowing, for pleasure, general (Taylor Code 250)		"
Water Activities;12;"Canoeing or rowing, in competition, crew or sculling (Taylor Code 260)		"
Water Activities;3;"Diving, springboard or platform		"
Water Activities;5;"Kayaking, moderate effort		"
Water Activities;13,5;"Kayaking, competition		"
Water Activities;9;"Kayaking, slalom, flat water		"
Water Activities;4;"Paddle boat		"
Water Activities;15,5;"Rowing, simulated crew in a water tank, single oar, 33 strokes/min,		"
Water Activities;15,5;"Rowing, single scull, ergometer, ergometer on slides, racing speed (32+ strokes/min, >10 mph)		"
Water Activities;3;"Sailing, boat and board sailing, windsurfing, ice sailing, general (Taylor Code 235)		"
Water Activities;4,5;"Sailing, in competition, general		"
Water Activities;9,3;"Sailing, in competition, high effort		"
Water Activities;3,3;"Sailing, Sunfish/Laser/Hobby Cat, Keel boats, ocean sailing, yachting, leisure		"
Water Activities;2;"Sailing, dingy		"
Water Activities;6;"Skiing, water or wake boarding (Taylor Code 220)		"
Water Activities;7;"Jet skiing, driving, in water		"
Water Activities;15,8;"Skindiving, fast		"
Water Activities;11,8;"Skindiving, moderate		"
Water Activities;7;"Skindiving, scuba diving, general (Taylor Code 310)		"
Water Activities;5,3;"Scuba diving, general, light effort		"
Water Activities;5,8;"Scuba diving, general, moderate effort		"
Water Activities;5,5;"Scuba diving, professional diver		"
Water Activities;6,8;"Scuba diving, recreational diver		"
Water Activities;5;"Snorkeling (Taylor Code 320)		"
Water Activities;3;"Surfing, body or board, general		"
Water Activities;6,8;"Surfboard, paddling		"
Water Activities;5;"Surfing, body or board, competitive		"
Water Activities;6,5;"Stand up paddle boarding, general		"
Water Activities;2,8;"Stand up Paddleboard, standing, 10-19 strokes/min		"
Water Activities;3,8;"Stand up Paddleboard, standing, 20-29 strokes/min		"
Water Activities;5;"Stand up Paddleboard, standing, 30-39 strokes/min		"
Water Activities;9,8;"Stand up Paddleboard, standing, 40-49 strokes/min		"
Water Activities;11;"Stand up Paddleboard, standing, 50-69 strokes/min		"
Water Activities;9,8;"Swimming laps, freestyle, fast, vigorous effort		"
Water Activities;5,8;"Swimming laps, freestyle, slow, recreational		"
Water Activities;9,5;"Swimming, backstroke, training or competition		"
Water Activities;4,8;"Swimming, backstroke, recreational		"
Water Activities;10,3;"Swimming, breaststroke, general, training or competition		"
Water Activities;5,3;"Swimming breaststroke, recreational		"
Water Activities;13,8;"Swimming, butterfly, general		"
Water Activities;10,5;"Swimming, crawl, fast speed, ~75 yards/minute, vigorous effort		"
Water Activities;10,5;"Swimming, open water, 5k		"
Water Activities;8;"Swimming, crawl, medium speed, ~50 yards/minute, vigorous effort		"
Water Activities;5,8;"Swimming, crawl, slow speed, 30-45 yards/minute, moderate effort		"
Water Activities;14,5;"Swimming, crawl, elite swimmers, competition, >90 yards/minute		"
Water Activities;6;"Swimming, lake, ocean, river (Taylor Codes 280, 295)		"
Water Activities;6;"Swimming, leisurely, not lap swimming, general		"
Water Activities;7;"Swimming, sidestroke, general		"
Water Activities;8;"Swimming, synchronized		"
Water Activities;9,8;"Swimming, treading water, fast, vigorous effort		"
Water Activities;3,5;"Swimming, treading water, moderate effort, general		"
Water Activities;2,3;"Tubing, floating on a river, general		"
Water Activities;5,5;"Water aerobics, water calisthenics, general		"
Water Activities;3,8;"Water aerobics, resistance exercises		"
Water Activities;7,5;"Water aerobics, high intensity		"
Water Activities;10;"Water polo		"
Water Activities;3;"Water volleyball		"
Water Activities;9,8;"Water jogging, vigorous effort		"
Water Activities;2,5;"Water walking, light effort, slow pace		"
Water Activities;4,8;"Water walking, moderate effort, moderate pace		"
Water Activities;6,8;"Water walking, vigorous effort, brisk pace		"
Water Activities;5;"Whitewater rafting, kayaking, or canoeing		"
Water Activities;6,5;"Water running, 30 steps/min, slow		"
Water Activities;7,5;"Water running, 40 steps/min, moderate		"
Water Activities;8,5;"Water running, 50 steps/min, fast		"
Water Activities;9,8;"Water running, 60 steps/min, very fast		"
Water Activities;5;"Windsurfing, not pumping for speed		"
Water Activities;11;"Windsurfing or kitesurfing, crossing trial		"
Water Activities;14;"Windsurfing, competition, pumping for speed		"
Water Activities;2,8;"Aquatic cycling, 25 W, 40-50 RPM		"
Water Activities;4,8;"Aquatic cycling, 25 W, 60-70 RPM		"
Water Activities;3,8;"Aquatic cycling, 50 W, 40-50 RPM		"
Water Activities;6;"Aquatic cycling, 50 W, 60-70 RPM		"
Water Activities;5;"Aquatic cycling, 75 W, 40-50 RPM		"
Water Activities;6,3;"Aquatic cycling, 75 W, 60-70 RPM		"
Water Activities;6,3;"Aquatic cycling, 100 W, 40-50 RPM		"
Water Activities;7,5;"Aquatic cycling, 100 W, 60-70 RPM		"
Water Activities;8,5;"Aquatic cycling, 80-89 RPM		"
Water Activities;10,3;"Aquatic cycling, 90+ RPM		"
Winter Activities;7,5;"Dog sledding, mushing		"
Winter Activities;2,5;"Dog sledding, passenger		"
Winter Activities;6;"Moving icehouse, set up/drill holes		"
Winter Activities;2;"Ice fishing		"
Winter Activities;14;"Skating, ice dancing		"
Winter Activities;5,5;"Skating, ice, 9 mph or less		"
Winter Activities;7;"Skating, ice, general (Taylor Code 360)		"
Winter Activities;9;"Skating, ice, rapidly, more than 9 mph but not competitive		"
Winter Activities;9;"Skating Treadmill, 6 - 6,9 mph, 2% grade		"
Winter Activities;10;"Skating Treadmill, 7 - 7,9 mph, 2% grade		"
Winter Activities;10,5;"Skating Treadmill, 8 - 8,9 mph, 2% grade		"
Winter Activities;11;"Skating Treadmill, 9 - 9,9 mph, 2% grade		"
Winter Activities;13,8;"Skating, speed, competitive		"
Winter Activities;7;"Ski jumping, climb up carrying skis		"
Winter Activities;7;"Skiing, general		"
Winter Activities;6,8;"Skiing, cross country, 2,5 mph, slow or light effort, ski walking		"
Winter Activities;8,5;"Skiing, cross country, 4,0-4,9 mph, moderate speed and effort, general		"
Winter Activities;11,3;"Skiing, cross country, 5,0-7,9 mph, brisk speed, vigorous effort		"
Winter Activities;14;"Skiing, cross country, elite skier, >8,0-11,9 mph, racing		"
Winter Activities;16;"Skiing, cross country, 12-16 mph, elite skier, racing		"
Winter Activities;9,5;"Skiing, cross-country skiing high-intensity training		"
Winter Activities;15,5;"Skiing, cross country, hard snow, uphill, maximum, snow mountaineering		"
Winter Activities;13,3;"Skiing, cross-country, skating		"
Winter Activities;13,5;"Skiing, cross-country, biathlon, skating technique		"
Winter Activities;12,8;"Biathlon training, 5 degree incline, 8 km/h (5 mph), with/without rifle		"
Winter Activities;12,8;"Biathlon training, 5 degree incline, 10,7 km/h (5 mph), with/without rifle		"
Winter Activities;9,3;"Skiing, slalom		"
Winter Activities;4,3;"Skiing, downhill, alpine or snowboarding, light effort, active time only		"
Winter Activities;6,3;"Skiing, downhill, alpine or snowboarding, moderate effort, general, active time only		"
Winter Activities;8;"Skiing, downhill, alpine or snowboarding, vigorous effort, active time only		"
Winter Activities;7,3;"Skiing, Alpine skiing high-intensity training		"
Winter Activities;7;"Sledding, tobogganing, bobsledding, luge (Taylor Code 370)		"
Winter Activities;5,3;"Snow shoeing, moderate effort		"
Winter Activities;10;"Snow shoeing, vigorous effort		"
Winter Activities;3,8;"Snowmobiling, driving, moderate pace, flat land		"
Winter Activities;7,5;"Snowboarding, recreational, moderate pace, mountain		"
Winter Activities;2;"Snowmobiling, passenger, light		"
Winter Activities;5,3;"Snow shoveling, by hand, moderate effort		"
Winter Activities;7,5;"Snow shoveling, by hand, vigorous effort		"
Winter Activities;2,5;"Snow blower, walking and pushing		"
Winter Activities;12,5;"Skiing, roller, elite racers		"
Winter Activities;5,5;"Rollerskiing, 10 - 12,9 km/h, no incline		"
Winter Activities;6,8;"Rollerskiing, 13 - 16,9 km/h, no incline		"
Winter Activities;8,3;"Rollerskiing, 17 - 19,9 km/h, no incline		"
Winter Activities;10,5;"Rollerskiing, 20 - 23,9 km/h, no incline		"
Winter Activities;15;"Rollerskiing, 24 - 27,9 km/h, no incline		"
Winter Activities;12,5;"Rollerskiing, 10-15 km/h, 2-5 degree incline		"
Winter Activities;14,3;"Rollerskiing, 16-22 km/h, 2-5 degree incline		"
Winter Activities;12,3;"Rollerskiing, 6-9 km/h, 6-10 degree incline		"
Winter Activities;16;"Rollerskiing, >10 km/h, 6-10 degree incline		"
Winter Activities;9;"Mountaineering, downhill climbing, walking down with rope		"
Winter Activities;10,3;"Mountaineering, downhill climbing/cross-country skiing		"
Religious Activities;1;"Sitting in church, in service, attending a ceremony, sitting quietly		"
Religious Activities;2;"Sitting, playing an instrument at church		"
Religious Activities;1,8;"Sitting in church, talking or singing, attending a ceremony, sitting, active participation		"
Religious Activities;1,5;"Sitting, reading religious materials at home		"
Religious Activities;1,3;"Standing quietly in church, attending a ceremony		"
Religious Activities;2;"Standing, singing in church, attending a ceremony, standing, active participation		"
Religious Activities;1,3;"Kneeling in church or at home, praying		"
Religious Activities;1,3;"Standing, talking in church		"
Religious Activities;2;"Walking in church		"
Religious Activities;2;"Walking, less than 2,0 mph, very slow		"
Religious Activities;3,8;"Walking, 2,8 to 3,4 mph, moderate speed, not carrying anything		"
Religious Activities;4,8;"Walking, 3,5 to 3,9 mph, brisk speed, not carrying anything		"
Religious Activities;2;"Walk/stand combination for religious purposes, usher		"
Religious Activities;5;"Praise with dance or run, spiritual dancing in church		"
Religious Activities;2,3;"Serving food at church		"
Religious Activities;2;"Preparing food at church		"
Religious Activities;3,3;"Washing dishes, cleaning kitchen at church		"
Religious Activities;1,5;"Eating at church		"
Religious Activities;2;"Eating/talking at church or standing eating, American Indian Feast days		"
Religious Activities;3,3;"Cleaning church		"
Religious Activities;4;"General yard work at church		"
Religious Activities;3,8;"Standing , moderate effort (e,g,, lifting heavy objects, assembling at fast rate)		"
Religious Activities;4,5;"Standing, moderate-to-heavy effort, manual labor, lifting ≥ 50 lbs, heavy maintenance		"
Religious Activities;1,3;"Typing, electric, manual, or computer		"
Volunteer Activities;1,3;"Sitting, meeting, general, and/or with talking involved		"
Volunteer Activities;1,5;"Sitting, light office work, in general		"
Volunteer Activities;2,5;"Sitting, moderate work		"
Volunteer Activities;1,8;"Standing, light work (filing, talking, assembling)		"
Volunteer Activities;2;"Sitting, child care, only active periods		"
Volunteer Activities;3,5;"Standing, child care, only active periods		"
Volunteer Activities;3,5;"Walk/run play with children, moderate, only active periods		"
Volunteer Activities;5,8;"Walk/run play with children, vigorous, only active periods		"
Volunteer Activities;3,3;"Standing, light/moderate work (e,g,, pack boxes, assemble/repair, set up chairs/furniture)		"
Volunteer Activities;3,5;"Standing, moderate (e,g,, lifting 50 lbs,, assembling at fast rate)		"
Volunteer Activities;4,5;"Standing, moderate/heavy work		"
Volunteer Activities;1,3;"Typing, electric, manual, or computer		"
Volunteer Activities;2,3;"Walking, less than 2,0 mph, very slow		"
Volunteer Activities;3,8;"Walking, 2,8 to 3,4 mph, moderate speed, not carrying anything		"
Volunteer Activities;4,8;"Walking, 3,5 to 3,9 mph, brisk speed, not carrying anything		"
Volunteer Activities;3,5;"Walking, 2,5 mph slowly and carrying objects less than 25 pounds		"
Volunteer Activities;4,5;"Walking, 3,0 mph moderately and carrying objects less than 25 pounds, pushing something		"
Volunteer Activities;4,5;"Walking, 3,5 mph, briskly and carrying objects less than 25 pounds		"
Volunteer Activities;3;"Walk/stand combination, for volunteer purposes		"
Video Games;1,3;"Seated, video game, handheld controller (inactive)		"
Video Games;1,5;"Video game, handheld controller (light effort)		"
Video Games;2,3;"Video game, light effort (Wii Fit, yoga, bowling, etc)		"
Video Games;3;"Active video game, motion sensing game/using upper body (light to moderate effort)		"
Video Games;4;"Active video game, motion sensing game/using total body (moderate effort)		"
Video Games;5;"Active video game, motion sensing game/using total body (moderate-to-vigorous effort)		"
Video Games;7,5;"Active video game, motion sensing game/using total body, exergames, workouts, dancing (vigorous effort)		"
Video Games;9,8;"Conditioning/exercise virtual reality fitness, vigorous intensity		"
